dataset,group,n,time_median,time_mean,time_p90,nodes_median,nodes_mean
SMALL,60 items / 20 knapsacks,30,39.7615,58.8776,141.4764,91.0,174.1
SMALL,60 items / 10 knapsacks,30,2.8834999999999997,9.032266666666667,25.529900000000005,2.0,23.733333333333334
SMALL,40 items / 10 knapsacks,30,2.8545,5.3693,12.991900000000003,8.5,20.733333333333334
SMALL,40 items / 20 knapsacks,30,0.2175,2.648166666666667,8.323900000000002,2.0,13.1
SMALL,20 items / 10 knapsacks,30,0.038,0.11373333333333333,0.2747000000000001,1.0,6.5
SMALL,20 items / 20 knapsacks,29,0.003,0.003827586206896552,0.005,1.0,1.0689655172413792
