dataset,n,time_median,time_mean,time_p90,time_max,nodes_median,nodes_mean,optimal_rate
SMALL,358,0.639,12.744932960893854,38.147900000000014,204.196,3.0,40.089385474860336,0.5865921787709497
