dataset,group,n,time_median,time_mean,time_p90,nodes_median,nodes_mean
FK_1,100 items / 10 knapsacks,10,5.537,8.4869,15.351499999999996,2.5,3.9
SMALL,20 items / 10 knapsacks,10,0.045,0.09230000000000001,0.26839999999999997,1.0,3.2
